SI.NO,NAME,PARTY,Constituency,state/union territory
1,"A, Shri Mani",DMK,Dharmapuri,Tamil Nadu
2,"A, Shri Raja",DMK,Nilgiris (SC),Tamil Nadu
3,"Agrawal, Shri Brijmohan",BJP,Raipur,Chhattisgarh
4,"Agrawal, Shri Damodar",BJP,Bhilwara,Rajasthan
5,"Ahirwar, Shri Narayandas",SP,Jalaun (SC),Uttar Pradesh
6,"Ahmad, Shri Mian Altaf",J&KNC,Anantnag-Rajouri,Jammu and Kashmir
7,"Ahmed, Smt. Sajda",AITC,Uluberia,West Bengal
8,"Akoijam, Dr. Angomcha Bimol",INC,Inner Manipur,Manipur
9,"Anand, Smt. Lovely",JD(U),Sheohar,Bihar
10,"Anand, Thiru D M Kathir",DMK,Vellore,Tamil Nadu
11,"Annadurai, Shri C N",DMK,Tiruvannamalai,Tamil Nadu
12,"Ansari, Shri Afzal",SP,Ghazipur,Uttar Pradesh
13,"Antony, Shri Anto",INC,Pathanamthitta,Kerala
14,"Anwar, Shri Tariq",INC,Katihar,Bihar
15,"Arthur, Shri Alfred Kanngam S",INC,Outer Manipur (ST),Manipur
16,"Aruna, Smt. D K",BJP,Mahbubnagar,Telangana
17,"Asaram, Shri Bhumare Sandipanrao",SS,Aurangabad,Maharashtra
18,"Aujla, Shri Gurjeet Singh",INC,Amritsar,Punjab
19,"Awasthi, Shri Ramesh",BJP,Kanpur,Uttar Pradesh
20,"B, Shri Manickam Tagore",INC,Virudhunagar,Tamil Nadu
21,"Baalu, Shri T R",DMK,Sriperumbudur,Tamil Nadu
22,"Babu, Shri M Mallesh",JD(S),Kolar (SC),Karnataka
23,"Babubhai, Shri Patel Umeshbhai",Ind.,Daman and Diu (ST),Dadra and Nagar Haveli and Daman and Diu
24,"Badal, Smt. Harsimrat Kaur",SAD,Bathinda,Punjab
25,"Baghel, Prof. S  P Singh",BJP,Agra (SC),Uttar Pradesh
26,"Baghel, Shri Vijay",BJP,Durg,Chhattisgarh
27,"Balayogi, Shri G M Harish",TDP,Amalapuram (SC),Andhra Pradesh
28,"Baluni, Shri Anil",BJP,Garhwal,Uttarakhand
29,"Bambhaniya, Smt. Nimuben Jayantibhai",BJP,Bhavnagar,Gujarat
30,"Bandyopadhyay, Shri Sudip",AITC,Kolkata Uttar,West Bengal
31,"Banerjee, Shri Abhishek",AITC,Diamond Harbour,West Bengal
32,"Banerjee, Shri Kalyan",AITC,Sreerampur,West Bengal
33,"Banerjee, Shri Prasun",AITC,Howrah,West Bengal
34,"Banerjee, Smt. Rachna",AITC,Hooghly,West Bengal
35,"Bapurao, Shri Aashtikar Patil Nagesh",SHSUBT,Hingoli,Maharashtra
36,"Baraiya, Smt. Shobhanaben Mahendrasinh",BJP,Sabarkantha,Gujarat
37,"Barne, Shri Shrirang Appa Chandu",SS,Maval,Maharashtra
38,"Baruah, Shri Pradan",BJP,Lakhimpur,Assam
39,"Barve, Shri Shyamkumar Daulat",INC,Ramtek (SC),Maharashtra
40,"Basheer, Shri E T Mohammed",IUML,Malappuram,Kerala
41,"Basumatary, Shri Joyanta",UPPL,Kokrajhar (ST),Assam
42,"Basunia, Shri Jagadish Chandra Barma",AITC,Coochbehar (SC),West Bengal
43,"Behanan, Shri Benny",INC,Chalakudy,Kerala
44,"Behera, Dr. Rabindra Narayan",BJP,Jajpur (SC),Odisha
45,"Beniwal, Shri Hanuman",RLP,Nagaur,Rajasthan
46,"Beniwal, Shri Ummeda Ram",INC,Barmer,Rajasthan
47,"Bhabhor, Shri Jaswantsinh Sumanbhai",BJP,Dahod (ST),Gujarat
48,"Bhadauria, Shri Anand",SP,Dhaurahra,Uttar Pradesh
49,"Bhagare, Shri Bhaskar Murlidhar",NCPSP,Dindori (ST),Maharashtra
50,"Bhagat, Shri Sukhdeo",INC,Lohardaga (ST),Jharkhand
51,"Bharadwaj, Dr. Rajeev",BJP,Kangra,Himachal Pradesh
52,"Bharti, Shri Arun",LJSP(RV),Jamui (SC),Bihar
53,"Bharti, Smt. Misha",RJD,Pataliputra,Bihar
54,"Bhatt, Shri Ajay",BJP,Nainital-Udhamsingh Nagar,Uttarakhand
55,"Bhonsle, Chh. Udayanraje Pratapsinha Maharaj",BJP,Satara,Maharashtra
56,"Bhowmick, Shri Partha",AITC,Barrackpur,West Bengal
57,"Bhupathiraju, Shri Srinivasa Varma B J P Varma",BJP,Narsapuram,Andhra Pradesh
58,"Bidhuri, Shri Ramvir Singh",BJP,South Delhi,NCT of Delhi
59,"Bind, Dr. Vinod Kumar",BJP,Bhadohi,Uttar Pradesh
60,"Birla, Shri Om",BJP,Kota,Rajasthan
61,"Bista, Shri Raju",BJP,Darjeeling,West Bengal
62,"Bommai, Shri Basavaraj",BJP,Haveri,Karnataka
63,"Bose, Shri Sunil",INC,Chamarajanagar (SC),Karnataka
64,"Brahamchari, Shri Satpal",INC,Sonipat,Haryana
65,"C, Shri Robert Bruce",INC,Tirunelveli,Tamil Nadu
66,"Chabbewal, Dr. Raj Kumar",AAP,Hoshiarpur (SC),Punjab
67,"Chahar, Shri Rajkumar",BJP,Fatehpur Sikri,Uttar Pradesh
68,"Chakraborty, Shri Arup",AITC,Bankura,West Bengal
69,"Chandanagouda, Shri Gaddigoudar Parvatagouda",BJP,Bagalkot,Karnataka
70,"Chandolia, Shri Yogender",BJP,North West Delhi (SC),NCT of Delhi
71,"Channi, Shri Charanjit Singh",INC,Jalandhar (SC),Punjab
72,"Chaudhary, Shri P P",BJP,Pali,Rajasthan
73,"Chaudhary, Shri R K",SP,Mohanlalganj (SC),Uttar Pradesh
74,"Chaudhary, Shri Ram Prasad",SP,Basti,Uttar Pradesh
75,"Chaudhry, Shri Varun",INC,Ambala (SC),Haryana
76,"Chauhan, Shri Chandan",RLD,Bijnor,Uttar Pradesh
77,"Chauhan, Shri Devusinh",BJP,Kheda,Gujarat
78,"Chhatrapati, Shri Shahu Shahaji",INC,Kolhapur,Maharashtra
79,"Chhotelal, Shri",SP,Robertsganj (SC),Uttar Pradesh
80,"Chidambaram, Shri Karti P",INC,Sivaganga,Tamil Nadu
81,"Choudhary, Dr. Raj Bhushan",BJP,Muzaffarpur,Bihar
82,"Choudhary, Ms Iqra",SP,Kairana,Uttar Pradesh
83,"Choudhary, Shri Bhagirath",BJP,Ajmer,Rajasthan
84,"Choudhary, Shri Chandra Prakash",AJSU,Giridih,Jharkhand
85,"Choudhary, Shri Darshan Singh",BJP,Hoshangabad,Madhya Pradesh
86,"Choudhary, Shri Lumbaram",BJP,Jalore,Rajasthan
87,"Choudhary, Shri Pankaj",BJP,Maharajganj,Uttar Pradesh
88,"Choudhary, Smt. Roopkumari",BJP,Mahasamund,Chhattisgarh
89,"Choudhury, Shri Isha Khan",INC,Maldaha Dakshin,West Bengal
90,"Choudhury, Shri Phani Bhusan",AGP,Barpeta,Assam
91,"Chouhan, Shri Shivraj Singh",BJP,Vidisha,Madhya Pradesh
92,"Chouhan, Smt. Anita Nagarsingh",BJP,Ratlam (ST),Madhya Pradesh
93,"Chowta, Shri Captain Brijesh",BJP,Dakshina Kannada,Karnataka
94,"Chudasama, Shri Rajesh Naranbhai",BJP,Junagadh,Gujarat
95,"D, Shri Malaiyarasan",DMK,Kallakurichi,Tamil Nadu
96,"Dabhi, Shri Bharatsinhji Shankarji",BJP,Patan,Gujarat
97,"Dalal, Shri Mukeshkumar Chandrakaant",BJP,Surat,Gujarat
98,"Dastidar, Dr. Kakoli Ghosh",AITC,Barasat,West Bengal
99,"Dattatrey, Shri Tatkare Sunil",NCP,Raigad,Maharashtra
100,"Deb, Shri Biplab Kumar",BJP,Tripura West,Tripura
101,"Debbarman, Smt. Kriti Devi",BJP,Tripura East (ST),Tripura
102,"Deo, Smt. Sangeeta Kumari Singh",BJP,Bolangir,Odisha
103,"Desai, Shri Anil Yeshwant",SHSUBT,Mumbai South Central,Maharashtra
104,"Deshmukh, Shri Sanjay Uttamrao",SHSUBT,Yavatmal-Washim,Maharashtra
105,"Dev, Shri Adhikari Deepak",AITC,Ghatal,West Bengal
106,"Devarayalu, Shri Lavu Sri Krishna",TDP,Narasaraopet,Andhra Pradesh
107,"Devi, Smt. Annpurna",BJP,Kodarma,Jharkhand
108,"Devi, Smt. Malvika",BJP,Kalahandi,Odisha
109,"Devi, Smt. Veena",LJSP(RV),Vaishali,Bihar
110,"Devi, Smt. Vijaylakshmi",JD(U),Siwan,Bihar
111,"Dharmapuri, Shri Arvind",BJP,Nizamabad,Telangana
112,"Dhotre, Shri Anup Sanjay",BJP,Akola,Maharashtra
113,"Dinesh, Dr. Bachhav Shobha",INC,Dhule,Maharashtra
114,"Dohare, Shri Jitendra Kumar",SP,Etawah (SC),Uttar Pradesh
115,"Dubey, Dr. Nishikant",BJP,Godda,Jharkhand
116,"Dubey, Shri Ashish",BJP,Jabalpur,Madhya Pradesh
117,"Dubey, Shri Vijay Kumar",BJP,Kushi Nagar,Uttar Pradesh
118,"Dutta, Shri Ranjit",BJP,Sonitpur,Assam
119,"Eden, Shri Hibi",INC,Ernakulam,Kerala
120,"Fernandes, Shri Captain Viriato",INC,South Goa,Goa
121,"Firojiya, Shri Anil",BJP,Ujjain (SC),Madhya Pradesh
122,"G, Shri Selvam",DMK,Kancheepuram (SC),Tamil Nadu
123,"Gaddam, Shri Vamsi Krishna",INC,Peddapalle (SC),Telangana
124,"Gadkari, Shri Nitin Jairam",BJP,Nagpur,Maharashtra
125,"Gaikwad, Prof. Varsha Eknath",INC,Mumbai North Central,Maharashtra
126,"Gandhi, Dr. Dharamvira",INC,Patiala,Punjab
127,"Gandhi, Shri Rahul",INC,Rae Bareli,Uttar Pradesh
128,"Gangopadhyay, Shri Abhijit",BJP,Tamluk,West Bengal
129,"Gangwar, Shri Chhatrapal Singh",BJP,Bareilly,Uttar Pradesh
130,"Gao, Shri Tapir",BJP,Arunachal East,Arunachal Pradesh
131,"Garg, Shri Atul",BJP,Ghaziabad,Uttar Pradesh
132,"Gautam, Shri Satish Kumar",BJP,Aligarh,Uttar Pradesh
133,"George, Adv K. Francis",KEC,Kottayam,Kerala
134,"Ghosh, Ms Sayani",AITC,Jadavpur,West Bengal
135,"Ghubaya, Shri Sher Singh",INC,Firozpur,Punjab
136,"Gogoi, Shri Gaurav",INC,Jorhat,Assam
137,"Gopi, Shri Suresh",BJP,Thrissur,Kerala
138,"Gopinath, Shri K",INC,Krishnagiri,Tamil Nadu
139,"Govil, Shri Arun",BJP,Meerut,Uttar Pradesh
140,"Goyal, Shri Piyush Vedprakash",BJP,Mumbai North,Maharashtra
141,"Gupta, Shri Sudheer",BJP,Mandsour,Madhya Pradesh
142,"Gurjar, Shri Krishan Pal",BJP,Faridabad,Haryana
143,"Gurumoorthy, Shri Maddila",YSR Congress Party,Tirupati (SC),Andhra Pradesh
144,"Haldar, Shri Bapi",AITC,Mathurapur (SC),West Bengal
145,"Haneefa, Shri Mohmad",Ind.,Ladakh,Ladakh
146,"Hansdak, Shri Vijay Kumar",JMM,Rajmahal (ST),Jharkhand
147,"Hayer, Shri Gurmeet Singh Meet",AAP,Sangrur,Punjab
148,"Hitnal, Shri K Rajashekar Basavaraj",INC,Koppal,Karnataka
149,"Hooda, Shri Deepender Singh",INC,Rohtak,Haryana
150,"Hussain, Md. Rakibul",INC,Dhubri,Assam
151,"Indora, Shri Kuldeep",INC,Ganganagar (SC),Rajasthan
152,"Jadav, Shri Rajpalsinh Mahendrasinh",BJP,Panchmahal,Gujarat
153,"Jadhav, Shri Prataprao Ganpatrao",SS,Buldhana,Maharashtra
154,"Jadhav, Shri Sanjay Haribhau",SHSUBT,Parbhani,Maharashtra
155,"Jagathratchakan, Thiru Dr. S",DMK,Arakkonam,Tamil Nadu
156,"Jaiswal, Dr. Sanjay",BJP,Paschim Champaran,Bihar
157,"Jaiswal, Shri Manish",BJP,Hazaribagh,Jharkhand
158,"Jamir, Shri S Supongmeren",INC,Nagaland,Nagaland
159,"Jangde, Smt. Kamlesh",BJP,Janjgir-Champa (SC),Chhattisgarh
160,"Jarkiholi, Km. Priyanka Satish",INC,Chikkodi,Karnataka
161,"Jatav, Shri Bhajan Lal",INC,Karauli-Dholpur (SC),Rajasthan
162,"Jatav, Smt. Sanjna",INC,Bharatpur (SC),Rajasthan
163,"Jawed, Dr. Mohammad",INC,Kishanganj,Bihar
164,"Jha, Shri Azad Kirti",AITC,Bardhaman-Durgapur,West Bengal
165,"Jigajinagi, Shri Ramesh Chandappa",BJP,Bijapur (SC),Karnataka
166,"Jindal, Shri Naveen",BJP,Kurukshetra,Haryana
167,"Joshi, Dr. Hemang",BJP,Vadodara,Gujarat
168,"Joshi, Shri Chandra Prakash",BJP,Chittorgarh,Rajasthan
169,"Joshi, Shri Pralhad",BJP,Dharwad,Karnataka
170,"Jothimani, Ms. S",INC,Karur,Tamil Nadu
171,"K, Shri Eswarasamy",DMK,Pollachi,Tamil Nadu
172,"K, Shri Navaskani",IUML,Ramanathapuram,Tamil Nadu
173,"K, Shri Subbarayan",CPI,Tiruppur,Tamil Nadu
174,"Kageri, Shri Vishweshwar Hegde",BJP,Uttara Kannada,Karnataka
175,"Kale, Dr. Kalyan Vaijinathrao",INC,Jalna,Maharashtra
176,"Kale, Shri Amar Sharadrao",NCPSP,Wardha,Maharashtra
177,"Kalge, Dr. Shivaji Bandappa",INC,Latur (SC),Maharashtra
178,"Kalisetti, Shri Appalanaidu",TDP,Vizianagaram,Andhra Pradesh
179,"Kamait, Shri Dileshwar",JD(U),Supaul,Bihar
180,"Kang, Shri Malvinder Singh",AAP,Anandpur Sahib,Punjab
181,"Karandlaje, Km. Shobha",BJP,Bangalore North,Karnataka
182,"Karjol, Shri Govind Makthappa",BJP,Chitradurga (SC),Karnataka
183,"Karunanidhi, Smt. Kanimozhi",DMK,Thoothukkudi,Tamil Nadu
184,"Kashyap, Shri Mahesh",BJP,Bastar (ST),Chhattisgarh
185,"Kashyap, Shri Suresh Kumar",BJP,Shimla (SC),Himachal Pradesh
186,"Kaswan, Shri Rahul",INC,Churu,Rajasthan
187,"Kavya, Dr. Kadiyam",INC,Warangal (SC),Telangana
188,"Khadse, Smt. Raksha Nikhil",BJP,Raver,Maharashtra
189,"Khalsa, Shri Sarabjeet Singh",Ind.,Faridkot (SC),Punjab
190,"Khan, Md Abu Taher",AITC,Murshidabad,West Bengal
191,"Khan, Shri Saumitra",BJP,Bishnupur (SC),West Bengal
192,"Khandelwal, Shri Praveen",BJP,Chandni Chowk,NCT of Delhi
193,"Khandre, Shri Sagar Eshwar",INC,Bidar,Karnataka
194,"Kherwal, Shri Kalipada Saren",AITC,Jhargram (ST),West Bengal
195,"Kishan, Shri Ravindra Shukla Alias Ravi",BJP,Gorakhpur,Uttar Pradesh
196,"Kishore, Shri Jugal",BJP,Jammu,Jammu and Kashmir
197,"Kolhe, Dr. Amol Ramsing",NCPSP,Shirur,Maharashtra
198,"Kulaste, Dr. Faggan Singh",BJP,Mandla (ST),Madhya Pradesh
199,"Kumar, Dr. Anand",BJP,Bahraich (SC),Uttar Pradesh
200,"Kumar, Dr. D Ravi",VCK,Viluppuram (SC),Tamil Nadu
201,"Kumar, Dr. Virendra",BJP,Tikamgarh (SC),Madhya Pradesh
202,"Kumar, Shri Bandi Sanjay",BJP,Karimnagar,Telangana
203,"Kumar, Shri Kaushalendra",JD(U),Nalanda,Bihar
204,"Kumar, Shri Manoj",INC,Sasaram (SC),Bihar
205,"Kumar, Shri Putta Mahesh",TDP,Eluru,Andhra Pradesh
206,"Kumar, Shri Sunil",JD(U),Valmiki Nagar,Bihar
207,"Kumaraswamy, Shri H D",JD(S),Mandya,Karnataka
208,Kumari Selja,INC,Sirsa (SC),Haryana
209,"Kuriakose, Adv Dean",INC,Idukki,Kerala
210,"Kushwah, Shri Bharat Singh",BJP,Gwalior,Madhya Pradesh
211,"Kushwaha, Shri Babu Singh",SP,Jaunpur,Uttar Pradesh
212,"Lakhamshi, Shri Chavda Vinod",BJP,Kachchh (SC),Gujarat
213,"Lakshminarayana, Shri G",TDP,Anantapur,Andhra Pradesh
214,"Lal, Shri Kishori",INC,Amethi,Uttar Pradesh
215,"Lal, Shri Manohar",BJP,Karnal,Haryana
216,"Lalwani, Shri Shankar",BJP,Indore,Madhya Pradesh
217,"Lanke, Shri Nilesh Dnyandev",NCPSP,Ahmednagar,Maharashtra
218,"Lodhi, Shri Ajendra Singh",SP,Hamirpur,Uttar Pradesh
219,"Lodhi, Shri Rahul Singh",BJP,Damoh,Madhya Pradesh
220,"M S, Shri Tharaniventhan",DMK,Arani,Tamil Nadu
221,"Maadam, Smt. Poonamben Hematbhai",BJP,Jamnagar,Gujarat
222,"Madhur, Shri Utkarsh Verma",SP,Kheri,Uttar Pradesh
223,"Mahant, Smt. Jyotsna Charandas",INC,Korba,Chhattisgarh
224,"Maharaj, Shri Chintamani",BJP,Surguja (ST),Chhattisgarh
225,"Mahato, Shri Bidyut Baran",BJP,Jamshedpur,Jharkhand
226,"Mahato, Shri Dulu",BJP,Dhanbad,Jharkhand
227,"Mahato, Shri Jyotirmay Singh",BJP,Purulia,West Bengal
228,"Mahtab, Shri Bhartruhari",BJP,Cuttack,Odisha
229,"Majhi, Shri Balabhadra",BJP,Nabarangpur (ST),Odisha
230,"Majhi, Shri Naba Charan",BJP,Mayurbhanj (ST),Odisha
231,"Majhi, Smt. Joba",JMM,Singhbhum (ST),Jharkhand
232,"Majumdar, Dr. Sukanta",BJP,Balurghat,West Bengal
233,"Makwana, Shri Dineshbhai",BJP,Ahmedabad West (SC),Gujarat
234,"Mal, Shri Asit Kumar",AITC,Bolpur (SC),West Bengal
235,"Malhotra, Shri Harsh",BJP,East Delhi,NCT of Delhi
236,"Maliah, Smt. June",AITC,Medinipur,West Bengal
237,"Malik, Shri Harendra Singh",SP,Muzaffarnagar,Uttar Pradesh
238,"Malini, Smt. Hema",BJP,Mathura,Uttar Pradesh
239,"Mallah, Shri Kripanath",BJP,Karimganj,Assam
240,"Mallikarjun, Dr. Prabha",INC,Davanagere,Karnataka
241,"Mandal, Shri Ajay Kumar",JD(U),Bhagalpur,Bihar
242,"Mandal, Shri Ramprit",JD(U),Jhanjharpur,Bihar
243,"Mandaviya, Dr. Mansukh",BJP,Porbandar,Gujarat
244,"Mane, Shri Dhairyasheel Sambhajirao",SS,Hatkanangle,Maharashtra
245,"Mani, Shri Shashank",BJP,Deoria,Uttar Pradesh
246,"Manjhi, Shri Jitan Ram",HAM (S),Gaya (SC),Bihar
247,"Manjunath, Dr. C N",BJP,Bangalore Rural,Karnataka
248,"Maran, Thiru Dayanidhi",DMK,Chennai Central,Tamil Nadu
249,"Masood, Shri Imran",INC,Saharanpur,Uttar Pradesh
250,"Mathukumilli, Shri Sribharat",TDP,Visakhapatnam,Andhra Pradesh
251,"Maurya, Shri Neeraj",SP,Aonla,Uttar Pradesh
252,"Medhi, Smt. Bijuli Kalita",BJP,Guwahati,Assam
253,"Meena, Shri Harish Chandra",INC,Tonk-Sawai Madhopur,Rajasthan
254,"Meena, Shri Murari Lal",INC,Dausa (ST),Rajasthan
255,"Meghwal, Shri Arjun Ram",BJP,Bikaner (SC),Rajasthan
256,"Mehdi, Shri Aga Syed Ruhullah",J&KNC,Srinagar,Jammu and Kashmir
257,"Mewar, Smt. Mahima Kumari",BJP,Rajsamand,Rajasthan
258,"Mhaske, Shri Naresh Ganpat",SS,Thane,Maharashtra
259,"Mhatre, Shri Balya Mama Suresh Gopinath",NCPSP,Bhiwandi,Maharashtra
260,"Mishra, Dr. Rajesh",BJP,Sidhi,Madhya Pradesh
261,"Mishra, Shri Janardan",BJP,Rewa,Madhya Pradesh
262,"Mitali, Smt. Bag",AITC,Arambag (SC),West Bengal
263,"Modi, Shri Narendra",BJP,Varanasi,Uttar Pradesh
264,"Mohan, Shri P C",BJP,Bangalore Central,Karnataka
265,"Mohanbhai, Smt. Delkar Kalaben",BJP,Dadra and Nagar Haveli,Dadra and Nagar Haveli and Daman and Diu
266,"Mohol, Shri Murlidhar",BJP,Pune,Maharashtra
267,"Moitra, Ms. Mahua",AITC,Krishnanagar,West Bengal
268,"Mondal, Smt. Pratima",AITC,Jaynagar (SC),West Bengal
269,"Munda, Shri Kali Charan",INC,Khunti (ST),Jharkhand
270,"Murmu, Shri Khagen",BJP,Maldaha Uttar,West Bengal
271,"Nag, Shri Bhojraj",BJP,Kanker (ST),Chhattisgarh
272,"Nagar, Shri Rodmal",BJP,Rajgarh,Madhya Pradesh
273,"Nagaraju, Shri Bastipati",TDP,Kurnool,Andhra Pradesh
274,"Nagesh, Shri Godam",BJP,Adilabad (ST),Telangana
275,"Naidu, Shri Kinjarapu Rammohan",TDP,Srikakulam,Andhra Pradesh
276,"Naik, Shri G Kumar",INC,Raichur (ST),Karnataka
277,"Naik, Shri Shripad Yesso",BJP,North Goa,Goa
278,"Namdeo, Dr. Kirsan",INC,Gadchiroli-Chimur (ST),Maharashtra
279,"Nayak, Shri Ananta",BJP,Keonjhar (ST),Odisha
280,"Nehru, Thiru Arun",DMK,Perambalur,Tamil Nadu
281,"Nishad, Shri Laxmikant Pappu",SP,Sant Kabir Nagar,Uttar Pradesh
282,"Nishad, Shri Rambhual",SP,Sultanpur,Uttar Pradesh
283,"Ola, Shri Brijendra Singh",INC,Jhunjhunu,Rajasthan
284,"Oram, Shri Jual",BJP,Sundargarh (ST),Odisha
285,"Owaisi, Shri Asaduddin",AIMIM,Hyderabad,Telangana
286,"P, Dr. Ganapathy Rajkumar",DMK,Coimbatore,Tamil Nadu
287,"Padavi, Adv Gowaal Kagada",INC,Nandurbar (ST),Maharashtra
288,"Padole, Dr. Prashant Yadaorao",INC,Bhandara-Gondiya,Maharashtra
289,"Pal, Shri Jagdambika",BJP,Domariyaganj,Uttar Pradesh
290,"Panda, Shri Baijayant",BJP,Kendrapara,Odisha
291,"Pandey, Shri Sanatan",SP,Ballia,Uttar Pradesh
292,"Pandey, Shri Santosh",BJP,Rajnandgaon,Chhattisgarh
293,"Panigrahi, Shri Sukanta Kumar",BJP,Kandhamal,Odisha
294,"Panigrahy, Dr. Pradeep Kumar",BJP,Berhampur,Odisha
295,"Pany, Shri Rudra Narayan",BJP,Dhenkanal,Odisha
296,"Parambil, Shri Shafi",INC,Vadakara,Kerala
297,"Pardhi, Smt. Bharti",BJP,Balaghat,Madhya Pradesh
298,"Parkash, Shri Jai",INC,Hisar,Haryana
299,"Parthasarathi, Shri B K",TDP,Hindupur,Andhra Pradesh
300,"Paswan, Shri Chirag",LJSP(RV),Hajipur (SC),Bihar
301,"Paswan, Shri Kamlesh",BJP,Bansgaon (SC),Uttar Pradesh
302,"Patel, Dr. Shiv Pal Singh",SP,Pratapgarh,Uttar Pradesh
303,"Patel, Shri Dhaval Laxmanbhai",BJP,Valsad (ST),Gujarat
304,"Patel, Shri Gajendra  Singh",BJP,Khargone (ST),Madhya Pradesh
305,"Patel, Shri Haribhai",BJP,Mahesana,Gujarat
306,"Patel, Shri Hasmukhbhai Somabhai",BJP,Ahmedabad East,Gujarat
307,"Patel, Shri Miteshbhai Rameshbhai",BJP,Anand,Gujarat
308,"Patel, Shri Naresh Chandra Uttam",SP,Fatehpur,Uttar Pradesh
309,"Patel, Shri Praveen",BJP,Phulpur,Uttar Pradesh
310,"Patel, Shri Shreyas M",INC,Hassan,Karnataka
311,"Patel, Smt. Anupriya",Apna Dal (S),Mirzapur,Uttar Pradesh
312,"Patel, Smt. Krishna Devi Shivshankar",SP,Banda,Uttar Pradesh
313,"Patil, Shri Chandrakant Raghunath",BJP,Navsari,Gujarat
314,"Patil, Shri Gyaneshwar",BJP,Khandwa,Madhya Pradesh
315,"Patil, Shri Sanjay Dina",SHSUBT,Mumbai North East,Maharashtra
316,"Patil, Shri Vishaldada Prakashbapu",Ind.,Sangli,Maharashtra
317,"Patra, Dr. Sambit",BJP,Puri,Odisha
318,"Paul, Shri Kartick Chandra",BJP,Raiganj,West Bengal
319,"Pemmasani, Dr. Chandra Sekhar",TDP,Guntur,Andhra Pradesh
320,"Poojary, Shri Kota Srinivasa",BJP,Udupi Chikmagalur,Karnataka
321,"Porika, Shri Balram Naik",INC,Mahabubabad (ST),Telangana
322,"Pradhan, Shri Dharmendra",BJP,Sambalpur,Odisha
323,"Prakash, Adv. Adoor",INC,Attingal,Kerala
324,"Prakash, Shri Jai",BJP,Hardoi (SC),Uttar Pradesh
325,"Prakash, Shri K E",DMK,Erode,Tamil Nadu
326,"Prasad, Dr. M K Vishnu",INC,Cuddalore,Tamil Nadu
327,"Prasad, Shri Awadhesh",SP,Faizabad,Uttar Pradesh
328,"Prasad, Shri Ravi Shankar",BJP,Patna Sahib,Bihar
329,"Prasad, Shri Sudama",CPI(ML)(L),Arrah,Bihar
330,"Prasada, Shri Jitin",BJP,Pilibhit,Uttar Pradesh
331,"Premachandran, Shri N K",RSP,Kollam,Kerala
332,"Punia, Shri Tanuj",INC,Barabanki (SC),Uttar Pradesh
333,"Purandeswari, Dr. D.",BJP,Rajahmundry,Andhra Pradesh
334,"Purohit, Shri Pradeep",BJP,Bargarh,Odisha
335,"R, Km. Sudha",INC,Mayiladuthurai,Tamil Nadu
336,"R, Shri Sachithanantham",CPI(M),Dindigul,Tamil Nadu
337,"Radhakrishna, Shri",INC,Gulbarga (SC),Karnataka
338,"Radhakrishnan, Shri K",CPI(M),Alathur (SC),Kerala
339,"Raghavan, Shri M K",INC,Kozhikode,Kerala
340,"Raghavendra, Shri B Y",BJP,Shimoga,Karnataka
341,"Raghuveer, Shri Kunduru",INC,Nalgonda,Telangana
342,"Rahaman, Shri Khalilur",AITC,Jangipur,West Bengal
343,"Rai, Shri Nityanand",BJP,Ujiarpur,Bihar
344,"Rai, Shri Rajeev",SP,Ghosi,Uttar Pradesh
345,"Rajbhar, Shri Ramashankar  Vidharthi",SP,Salempur,Uttar Pradesh
346,"Rajender, Shri Eatala",BJP,Malkajgiri,Telangana
347,"Rajenimbalkar, Shri Omprakash Bhupalsinh Alias Pavan",SHSUBT,Osmanabad,Maharashtra
348,"Rajput, Shri Mukesh",BJP,Farrukhabad,Uttar Pradesh
349,"Rajsinh, Shri Mohite Patil Dhairyasheel",NCPSP,Madha,Maharashtra
350,"Ram, Shri Amra",CPI(M),Sikar,Rajasthan
351,"Ram, Shri Vishnu Dayal",BJP,Palamu (SC),Jharkhand
352,"Ramesh, Dr. C M",BJP,Anakapalle,Andhra Pradesh
353,"Ranaut, Ms Kangna",BJP,Mandi,Himachal Pradesh
354,"Randhawa, Shri Sukhjinder Singh",INC,Gurdaspur,Punjab
355,"Rane, Shri Narayan Tatu",BJP,Ratnagiri-Sindhudurg,Maharashtra
356,"Rani, Dr. Gumma Thanuja",YSR Congress Party,Araku (ST),Andhra Pradesh
357,"Ranjan, Shri Rajesh",Ind.,Purnia,Bihar
358,"Rao, Shri Daggumalla Prasada",TDP,Chittoor (SC),Andhra Pradesh
359,"Rao, Shri Madhavaneni Raghunandan",BJP,Medak,Telangana
360,"Rathiya, Shri Radheshyam",BJP,Raigarh (ST),Chhattisgarh
361,"Rathor, Shri Rakesh",INC,Sitapur,Uttar Pradesh
362,"Rathva, Shri Jashubhai Bhilubhai",BJP,Chhota Udaipur (ST),Gujarat
363,"Ravi, Dr. Mallu",INC,Nagarkurnool (SC),Telangana
364,"Rawat, Dr. Manna Lal",BJP,Udaipur (ST),Rajasthan
365,"Rawat, Shri Ashok Kumar",BJP,Misrikh (SC),Uttar Pradesh
366,"Rawat, Shri Trivendra Singh",BJP,Hardwar,Uttarakhand
367,"Ray, Prof. Sougata",AITC,Dum Dum,West Bengal
368,"Ray, Shri Bishnu Pada",BJP,Andaman and Nicobar Islands,Andaman and Nicobar Islands
369,"Ray, Smt. Sandhya",BJP,Bhind (SC),Madhya Pradesh
370,"Reddy, Shri Chamala Kiran Kumar",INC,Bhongir,Telangana
371,"Reddy, Shri G Kishan",BJP,Secunderabad,Telangana
372,"Reddy, Shri Konda Vishweshwar",BJP,Chevella,Telangana
373,"Reddy, Shri Magunta Sreenivasulu",TDP,Ongole,Andhra Pradesh
374,"Reddy, Shri P V Midhun",YSR Congress Party,Rajampet,Andhra Pradesh
375,"Reddy, Shri Ramasahayam Raghuram",INC,Khammam,Telangana
376,"Reddy, Shri Y S Avinash",YSR Congress Party,Kadapa,Andhra Pradesh
377,"Rehman, Shri Zia Ur",SP,Sambhal,Uttar Pradesh
378,"Rijiju, Shri Kiren",BJP,Arunachal West,Arunachal Pradesh
379,"Roat, Shri Rajkumar",BAP,Banswara (ST),Rajasthan
380,"Roy, Dr. Jayanta Kumar",BJP,Jalpaiguri (SC),West Bengal
381,"Roy, Smt. Mala",AITC,Kolkata Dakshin,West Bengal
382,"Roy, Smt. Satabdi",AITC,Birbhum,West Bengal
383,"Rudy, Shri Rajiv Pratap",BJP,Saran,Bihar
384,"Rupala, Shri Parshottambhai",BJP,Rajkot,Gujarat
385,"S, Shri Matheswaran V",DMK,Namakkal,Tamil Nadu
386,"S, Shri Murasoli",DMK,Thanjavur,Tamil Nadu
387,"Sagar, Shri Arun Kumar",BJP,Shahjahanpur (SC),Uttar Pradesh
388,"Sahu, Shri Bunty Vivek",BJP,Chhindwara,Madhya Pradesh
389,"Sahu, Shri Tokhan",BJP,Bilaspur,Chhattisgarh
390,"Saikia, Shri Dilip",BJP,Darrang Udalguri,Assam
391,"Sakshi, Dr. Swami Sachidanand Hari",BJP,Unnao,Uttar Pradesh
392,"Samadani, Dr. M P Abdussamad",IUML,Ponnani,Kerala
393,"Sangma, Shri Saleng A",INC,Tura (ST),Meghalaya
394,"Sangwan, Dr. Rajkumar",RLD,Baghpat,Uttar Pradesh
395,"Sarangi, Shri Pratap Chandra",BJP,Balasore,Odisha
396,"Sarangi, Smt. Aparajita",BJP,Bhubaneswar,Odisha
397,"Sarkar, Dr. Sharmila",AITC,Bardhaman Purba (SC),West Bengal
398,"Sarkar, Shri Jagannath",BJP,Ranaghat (SC),West Bengal
399,"Saroj, Adv Priya",SP,Machhlishahr (SC),Uttar Pradesh
400,"Saroj, Shri Daroga Prasad",SP,Lalganj (SC),Uttar Pradesh
401,"Saroj, Shri Pushpendra",SP,Kaushambi (SC),Uttar Pradesh
402,"Savara, Dr. Hemant Vishnu",BJP,Palghar (ST),Maharashtra
403,"Sawant, Shri Arvind Ganpat",SHSUBT,Mumbai South,Maharashtra
404,"Sayeed, Shri Muhammed Hamdullah",INC,Lakshadweep (ST),Lakshadweep
405,"Scindia, Shri Jyotiraditya M",BJP,Guna,Madhya Pradesh
406,"Sehrawat, Smt. Kamaljeet",BJP,West Delhi,NCT of Delhi
407,"Selvaganapathi T.M., Shri",DMK,Salem,Tamil Nadu
408,"Senthil, Shri Sasikanth",INC,Tiruvallur (SC),Tamil Nadu
409,"Seth, Shri Sanjay",BJP,Ranchi,Jharkhand
410,"Sethi, Shri Avimanyu",BJP,Bhadrak (SC),Odisha
411,"Shabari, Dr. Byreddy",TDP,Nandyal,Andhra Pradesh
412,"Shah, Shri Amit",BJP,Gandhinagar,Gujarat
413,"Shah, Smt. Mala Rajya Laxmi",BJP,Tehri Garhwal,Uttarakhand
414,"Shakya, Shri Devesh",SP,Etah,Uttar Pradesh
415,"Sharma, Dr. Mahesh",BJP,Gautam Buddha Nagar,Uttar Pradesh
416,"Sharma, Shri Alok",BJP,Bhopal,Madhya Pradesh
417,"Sharma, Shri Anurag",BJP,Jhansi,Uttar Pradesh
418,"Sharma, Shri Vishnu Datt",BJP,Khajuraho,Madhya Pradesh
419,"Sharma, Smt. Manju",BJP,Jaipur,Rajasthan
420,"Sheikh, Shri Abdul Rashid",Ind.,Baramulla,Jammu and Kashmir
421,"Shekhar, Adv. Chandra",ASP (KR),Nagina (SC),Uttar Pradesh
422,"Shekhawat, Shri Gajendra Singh",BJP,Jodhpur,Rajasthan
423,"Shetkar, Shri Suresh Kumar",INC,Zahirabad,Telangana
424,"Shettar, Shri Jagadish",BJP,Belgaum,Karnataka
425,"Shihora, Shri Chandubhai Chhaganbhai",BJP,Surendranagar,Gujarat
426,"Shinde, Dr. Shrikant Eknath",SS,Kalyan,Maharashtra
427,"Shinde, Ms. Praniti Sushilkumar",INC,Solapur (SC),Maharashtra
428,Shri Mohibbullah,SP,Rampur,Uttar Pradesh
429,"Sigriwal, Shri Janardan Singh",BJP,Maharajganj,Bihar
430,"Singh, Dr. Amar",INC,Fatehgarh Sahib (SC),Punjab
431,"Singh, Dr. Bhola",BJP,Bulandshahr (SC),Uttar Pradesh
432,"Singh, Dr. Jitendra",BJP,Udhampur,Jammu and Kashmir
433,"Singh, Shri Amritpal",Ind.,Khadoor Sahib,Punjab
434,"Singh, Shri Devendra Singh Alias Bhole",BJP,Akbarpur,Uttar Pradesh
435,"Singh, Shri Dharambir",BJP,Bhiwani-Mahendragarh,Haryana
436,"Singh, Shri Dushyant",BJP,Jhalawar-Baran,Rajasthan
437,"Singh, Shri Ganesh",BJP,Satna,Madhya Pradesh
438,"Singh, Shri Giriraj",BJP,Begusarai,Bihar
439,"Singh, Shri Kali Charan",BJP,Chatra,Jharkhand
440,"Singh, Shri Karan Bhushan",BJP,Kaiserganj,Uttar Pradesh
441,"Singh, Shri Kirti Vardhan",BJP,Gonda,Uttar Pradesh
442,"Singh, Shri Pradeep Kumar",BJP,Araria,Bihar
443,"Singh, Shri Radha Mohan",BJP,Purvi Champaran,Bihar
444,"Singh, Shri Raja Ram",CPI(ML)(L),Karakat,Bihar
445,"Singh, Shri Rajiv Ranjan",JD(U),Munger,Bihar
446,"Singh, Shri Rajnath",BJP,Lucknow,Uttar Pradesh
447,"Singh, Shri Rao Inderjit",BJP,Gurgaon,Haryana
448,"Singh, Shri Rao Rajendra",BJP,Jaipur Rural,Rajasthan
449,"Singh, Shri Sudhakar",RJD,Buxar,Bihar
450,"Singh, Shri Ujjwal Raman",INC,Allahabad,Uttar Pradesh
451,"Singh, Shri Virendra",SP,Chandauli,Uttar Pradesh
452,"Singh, Smt. Himadri",BJP,Shahdol (ST),Madhya Pradesh
453,"Sinha, Shri Abhay Kumar",RJD,Aurangabad,Bihar
454,"Sinha, Shri Shatrughan Prasad",AITC,Asansol,West Bengal
455,"Sivanath, Shri Kesineni",TDP,Vijayawada,Andhra Pradesh
456,Smt. Shambhavi,LJSP(RV),Samastipur (SC),Bihar
457,"Solanky, Shri Mahendra Singh",BJP,Dewas (SC),Madhya Pradesh
458,"Somanna, Shri V",BJP,Tumkur,Karnataka
459,"Sonowal, Shri Sarbananda",BJP,Dibrugarh,Assam
460,"Sonwane, Shri Bajrang Manohar",NCPSP,Beed,Maharashtra
461,"Soren, Shri Nalin",JMM,Dumka (ST),Jharkhand
462,"Soumendu, Shri Adhikari",BJP,Kanthi,West Bengal
463,"Sreekandan, Shri V K",INC,Palakkad,Kerala
464,"Srikumar, Dr. Rani",DMK,Tenkasi (SC),Tamil Nadu
465,"Srinivas, Shri Tangella Uday",JSP,Kakinada,Andhra Pradesh
466,"Subba, Dr. Indra Hang",SKM,Sikkim,Sikkim
467,"Subhadarshini, Smt. Anita",BJP,Aska,Odisha
468,"Sudhakar, Dr. K",BJP,Chikkballapur,Karnataka
469,"Sudhakaran, Shri K",INC,Kannur,Kerala
470,"Suklabaidya, Shri Parimal",BJP,Silchar (SC),Assam
471,"Sule, Smt. Supriya",NCPSP,Baramati,Maharashtra
472,"Suman, Dr. Alok Kumar",JD(U),Gopalganj (SC),Bihar
473,"Suresh, Shri Kodikunnil",INC,Mavelikkara (SC),Kerala
474,"Suresh, Smt. Dhanorkar Pratibha",INC,Chandrapur,Maharashtra
475,"Surya, Shri Tejasvi",BJP,Bangalore South,Karnataka
476,"Sutariya, Shri Bharatbhai Manubhai",BJP,Amreli,Gujarat
477,"Swaraj, Ms. Bansuri",BJP,New Delhi,NCT of Delhi
478,"Tamilselvan, Thiru Thanga",DMK,Theni,Tamil Nadu
479,"Tamta, Shri Ajay",BJP,Almora (SC),Uttarakhand
480,"Tanwar, Shri Kanwar Singh",BJP,Amroha,Uttar Pradesh
481,"Tarai, Shri Bibhu Prasad",BJP,Jagatsinghpur (SC),Odisha
482,"Tasa, Shri Kamakhya Prasad",BJP,Kaziranga,Assam
483,"Tenneti, Shri Krishna Prasad",TDP,Bapatla (SC),Andhra Pradesh
484,"Tewari, Shri Manish",INC,Chandigarh,Chandigarh
485,"Thakor, Smt. Geniben Nagaji",INC,Banaskantha,Gujarat
486,"Thakur, Shri Anurag Singh",BJP,Hamirpur,Himachal Pradesh
487,"Thakur, Shri Devesh Chandra",JD(U),Sitamarhi,Bihar
488,"Thakur, Shri Gopal Jee",BJP,Darbhanga,Bihar
489,"Thakur, Shri Shantanu",BJP,Bangaon (SC),West Bengal
490,"Thakur, Shri Vivek",BJP,Nawada,Bihar
491,"Thakur, Smt. Savitri",BJP,Dhar (ST),Madhya Pradesh
492,"Thangapandian, Dr. T Sumathy Alias Thamizhachi",DMK,Chennai South,Tamil Nadu
493,"Tharoor, Dr. Shashi",INC,Thiruvananthapuram,Kerala
494,"Tholkappiyan, Dr. Thirumaavalavan",VCK,Chidambaram (SC),Tamil Nadu
495,"Tigga, Shri Manoj",BJP,Alipurduars (ST),West Bengal
496,"Tisso, Shri Amarsing",BJP,Diphu (ST),Assam
497,"Tiwari, Shri Manoj",BJP,North East Delhi,NCT of Delhi
498,"Tomar, Shri Shivmangal Singh",BJP,Morena,Madhya Pradesh
499,"Tukaram, Shri E",INC,Bellary (ST),Karnataka
500,"Uikey, Shri Durgadas D D",BJP,Betul (ST),Madhya Pradesh
501,"Ulaka, Shri Saptagiri Sankar",INC,Koraput (ST),Odisha
502,"Unnithan, Shri Rajmohan",INC,Kasaragod,Kerala
503,"V, Com. Selvaraj",CPI,Nagapattinam (SC),Tamil Nadu
504,"Vadra, Smt. Priyanka Gandhi",INC,Wayanad,Kerala
505,"Vaiko, Shri Durai",MDMK,Tiruchirappalli,Tamil Nadu
506,"Vaithilingam, Shri Ve",INC,Puducherry,Puducherry
507,"Vallabhaneni, Shri Balashowry",JSP,Machilipatnam,Andhra Pradesh
508,"Valmiki, Shri Anoop Pradhan",BJP,Hathras (SC),Uttar Pradesh
509,"Vanlalhmangaiha, Shri Richard",ZPM,Mizoram (ST),Mizoram
510,"Vasanth, Shri Vijayakumar Alias Vijay",INC,Kanniyakumari,Tamil Nadu
511,"Vasantrao, Shri Chavan Ravindra",INC,Nanded,Maharashtra
512,"Vasava, Shri Mansukhbhai Dhanjibhai",BJP,Bharuch,Gujarat
513,"Vasava, Shri Parbhubhai Nagarbhai",BJP,Bardoli (ST),Gujarat
514,"Veeraswamy, Dr. Kalanidhi",DMK,Chennai North,Tamil Nadu
515,"Vemireddy, Shri Prabhakar Reddy",TDP,Nellore,Andhra Pradesh
516,"Venkatesan, Shri S",CPI(M),Madurai,Tamil Nadu
517,"Venugopal, Shri K C",INC,Alappuzha,Kerala
518,"Verma, Shri Lalji",SP,Ambedkar Nagar,Uttar Pradesh
519,"Verma, Shri Rajesh",LJSP(RV),Khagaria,Bihar
520,"Verma, Shri Ram Shiromani",SP,Shrawasti,Uttar Pradesh
521,"Vira, Mrs Ruchi",SP,Moradabad,Uttar Pradesh
522,"Wadiyar, Shri Yaduveer",BJP,Mysore,Karnataka
523,"Wagh, Smt. Smita Uday",BJP,Jalgaon,Maharashtra
524,"Waikar, Shri Ravindra Dattaram",SS,Mumbai North West,Maharashtra
525,"Waje, Shri Rajabhau Parag Prakash",SHSUBT,Nashik,Maharashtra
526,"Wakchaure, Shri Bhausaheb Rajaram",SHSUBT,Shirdi (SC),Maharashtra
527,"Wankhade, Shri Balwant Baswant",INC,Amravati (SC),Maharashtra
528,"Wankhede, Dr. Lata",BJP,Sagar,Madhya Pradesh
529,"Warring, Shri Amrinder Singh Raja",INC,Ludhiana,Punjab
530,"Yadav, Shri Aditya",SP,Badaun,Uttar Pradesh
531,"Yadav, Shri Akhilesh",SP,Kannauj,Uttar Pradesh
532,"Yadav, Shri Akshay",SP,Firozabad,Uttar Pradesh
533,"Yadav, Shri Ashok Kumar",BJP,Madhubani,Bihar
534,"Yadav, Shri Bhupender",BJP,Alwar,Rajasthan
535,"Yadav, Shri Dharmendra",SP,Azamgarh,Uttar Pradesh
536,"Yadav, Shri Dinesh Chandra",JD(U),Madhepura,Bihar
537,"Yadav, Shri Giridhari",JD(U),Banka,Bihar
538,"Yadav, Shri Surendra Prasad",RJD,Jahanabad,Bihar
539,"Yadav, Smt. Dimple",SP,Mainpuri,Uttar Pradesh
540,"Yusuf, Mr Pathan",AITC,Baharampur,West Bengal