SI.NO,LINK,NAME,PARTY,STATE/UNION TERRITORY
1,https://sansad.in/getFile/newmembers/photos/P1929.jpg?source=rajyasabha,"Abdul Wahab, Shri",IUML,Kerala
2,https://sansad.in/getFile/newmembers/photos/P2556.jpg?source=rajyasabha,"Agrawal, Dr. Radha Mohan Das",BJP,Uttar Pradesh
3,https://sansad.in/getFile/newmembers/photos/P2562.jpg?source=rajyasabha,"Ahmad, Dr. Faiyaz",RJD,Bihar
4,https://sansad.in/getFile/newmembers/photos/P2628.jpg?source=rajyasabha,"Ahmad, Dr. Sarfraz",JMM,Jharkhand
5,https://sansad.in/getFile/newmembers/photos/P2572.jpg?source=rajyasabha,"Ali, Shri Gulam",BJP,Nominated
6,https://sansad.in/getFile/newmembers/photos/P2465.jpg?source=rajyasabha,"Alla, Shri Ayodhya Rami Reddy",YSRCP,Andhra Pradesh
7,https://sansad.in/getFile/newmembers/photos/P2469.jpg?source=rajyasabha,"Amin, Shri Narhari",BJP,Gujarat
8,https://sansad.in/getFile/newmembers/photos/P2248.jpg?source=rajyasabha,"Athawale, Shri Ramdas Bandu",RPI (ATWL),Maharashtra
9,https://sansad.in/getFile/newmembers/photos/P2641.jpg?source=rajyasabha,"Babu, Shri Sana Sathish",TDP,Andhra Pradesh
10,https://sansad.in/getFile/newmembers/photos/P2586.jpg?source=rajyasabha,"Baburao, Shri Golla",YSRCP,Andhra Pradesh
11,https://sansad.in/getFile/newmembers/photos/P1964.jpg?source=rajyasabha,"Bachchan, Smt. Jaya Amitabh",SP,Uttar Pradesh
12,https://sansad.in/getFile/newmembers/photos/P2064.jpg?source=rajyasabha,"Baishya, Shri Birendra Prasad",AGP,Assam
13,https://sansad.in/getFile/newmembers/photos/P2558.jpg?source=rajyasabha,"Bajpayee, Dr. Laxmikant",BJP,Uttar Pradesh
14,https://sansad.in/getFile/newmembers/photos/P2533.jpg?source=rajyasabha,"Balmik, Smt. Sumitra",BJP,Madhya Pradesh
15,https://sansad.in/getFile/newmembers/photos/P2617.jpg?source=rajyasabha,"Balwant, Dr. Sangeeta",BJP,Uttar Pradesh
16,https://sansad.in/getFile/newmembers/photos/P2493.jpg?source=rajyasabha,"Bansal, Shri Naresh",BJP,Uttarakhand
17,https://sansad.in/getFile/newmembers/photos/P2471.jpg?source=rajyasabha,"Bara, Smt. Ramilaben Becharbhai",BJP,Gujarat
18,https://sansad.in/getFile/newmembers/photos/P2577.jpg?source=rajyasabha,"Baraik, Shri Prakash Chik",AITC,West Bengal
19,https://sansad.in/getFile/newmembers/photos/P2677.jpg?source=rajyasabha,"Baral, Shri Babul Supriya",AITC,West Bengal
20,https://sansad.in/getFile/newmembers/photos/P2597.jpg?source=rajyasabha,"Barala, Shri Subhash",BJP,Haryana
21,https://sansad.in/getFile/newmembers/photos/P2527.jpg?source=rajyasabha,"Beedha, Shri Masthan Rao Yadav",TDP,Andhra Pradesh
22,https://sansad.in/getFile/newmembers/photos/P2631.jpg?source=rajyasabha,"Beeran, Shri Haris",IUML,Kerala
23,https://sansad.in/getFile/newmembers/photos/P2600.jpg?source=rajyasabha,"Bhandage, Shri Narayanasa K.",BJP,Karnataka
24,https://sansad.in/getFile/newmembers/photos/P2667.jpg?source=rajyasabha,"Bhatia, Shri Sanjay",BJP,Haryana
25,https://sansad.in/getFile/newmembers/photos/P2618.jpg?source=rajyasabha,"Bhatt, Shri Mahendra",BJP,Uttarakhand
26,https://sansad.in/getFile/newmembers/photos/P2640.jpg?source=rajyasabha,"Bhattacharjee, Shri Rajib",BJP,Tripura
27,https://sansad.in/getFile/newmembers/photos/P2620.jpg?source=rajyasabha,"Bhattacharya, Shri Samik",BJP,West Bengal
28,https://sansad.in/getFile/newmembers/photos/P2543.jpg?source=rajyasabha,"Bonde, Dr. Anil Sukhdeorao",BJP,Maharashtra
29,https://sansad.in/getFile/newmembers/photos/P2664.jpg?source=rajyasabha,"Boro, Shri Pramod",UPP(L),Assam
30,https://sansad.in/getFile/newmembers/photos/P2488.jpg?source=rajyasabha,"Brij Lal, Shri",BJP,Uttar Pradesh
31,https://sansad.in/getFile/newmembers/photos/P2498.jpg?source=rajyasabha,"Brittas, Dr. John",CPI(M),Kerala
32,https://sansad.in/getFile/newmembers/photos/P2522.jpg?source=rajyasabha,"Chadha, Shri Raghav",BJP,Punjab
33,https://sansad.in/getFile/newmembers/photos/P2384.jpg?source=rajyasabha,"Chandrashekhar, Shri G.C.",INC,Karnataka
34,https://sansad.in/getFile/newmembers/photos/P2551.jpg?source=rajyasabha,"Chaudhary, Shri Jayant",RLD,Uttar Pradesh
35,https://sansad.in/getFile/newmembers/photos/P2607.jpg?source=rajyasabha,"Chavan, Shri Ashokrao Shankarrao",BJP,Maharashtra
36,https://sansad.in/getFile/newmembers/photos/P2343.jpg?source=rajyasabha,"Chidambaram, Shri P.",INC,Tamil Nadu
37,https://sansad.in/getFile/newmembers/photos/P503.jpg?source=rajyasabha,"Chowdhury, Smt. Renuka",INC,Telangana
38,https://sansad.in/getFile/newmembers/photos/P2477.jpg?source=rajyasabha,"Dangi, Shri Neeraj",INC,Rajasthan
39,https://sansad.in/getFile/newmembers/photos/P2541.jpg?source=rajyasabha,"Deo, Smt. Sulata",BJD,Odisha
40,https://sansad.in/getFile/newmembers/photos/P2608.jpg?source=rajyasabha,"Deora, Shri Milind Murli",SS,Maharashtra
41,https://sansad.in/getFile/newmembers/photos/P2576.jpg?source=rajyasabha,"Desai, Shri Babubhai Jesangbhai",BJP,Gujarat
42,https://sansad.in/getFile/newmembers/photos/P2507.jpg?source=rajyasabha,"Dev, Ms. Sushmita",AITC,West Bengal
43,https://sansad.in/getFile/newmembers/photos/P870.jpg?source=rajyasabha,"Devegowda, Shri H.D.",JD(S),Karnataka
44,https://sansad.in/getFile/newmembers/photos/P2653.jpg?source=rajyasabha,"Dhanapal, Dr. M.",AIADMK,Tamil Nadu
45,https://sansad.in/getFile/newmembers/photos/P2537.jpg?source=rajyasabha,"Dharmar, Shri R.",AIADMK,Tamil Nadu
46,https://sansad.in/getFile/newmembers/photos/P2594.jpg?source=rajyasabha,"Dholakia, Shri Govindbhai Laljibhai",BJP,Gujarat
47,https://sansad.in/getFile/newmembers/photos/P2529.jpg?source=rajyasabha,"Divakonda, Shri Damodar Rao",BRS,Telangana
48,https://sansad.in/getFile/newmembers/photos/P2435.jpg?source=rajyasabha,"Dubey, Shri Satish Chandra",BJP,Bihar
49,https://sansad.in/getFile/newmembers/photos/P2490.jpg?source=rajyasabha,"Dwivedi, Smt. Seema",BJP,Uttar Pradesh
50,https://sansad.in/getFile/newmembers/photos/P2626.jpg?source=rajyasabha,"Gandhi, Smt. Sonia",INC,Rajasthan
51,https://sansad.in/getFile/newmembers/photos/P2624.jpg?source=rajyasabha,"Garasiya, Shri Chunnilal",BJP,Rajasthan
52,https://sansad.in/getFile/newmembers/photos/P2487.jpg?source=rajyasabha,"Geeta alias Chandraprabha, Smt.",BJP,Uttar Pradesh
53,https://sansad.in/getFile/newmembers/photos/P2478.jpg?source=rajyasabha,"Gehlot, Shri Rajendra",BJP,Rajasthan
54,https://sansad.in/getFile/newmembers/photos/P2621.jpg?source=rajyasabha,"Ghose, Smt. Sagarika",AITC,West Bengal
55,https://sansad.in/getFile/newmembers/photos/P2535.jpg?source=rajyasabha,"Girirajan, Shri R.",DMK,Tamil Nadu
56,https://sansad.in/getFile/newmembers/photos/P2470.jpg?source=rajyasabha,"Gohil, Shri Shaktisinh",INC,Gujarat
57,https://sansad.in/getFile/newmembers/photos/P2606.jpg?source=rajyasabha,"Gopchade, Dr. Ajeet Madhavrao",BJP,Maharashtra
58,https://sansad.in/getFile/newmembers/photos/P2661.jpg?source=rajyasabha,"Gowalla, Shri Terash",BJP,Assam
59,https://sansad.in/getFile/newmembers/photos/P2589.jpg?source=rajyasabha,"Gupta, Dr. Dharmshila",BJP,Bihar
60,https://sansad.in/getFile/newmembers/photos/P2374.jpg?source=rajyasabha,"Gupta, Shri Narain Dass",AAP,National Capital Territory of Delhi
61,https://sansad.in/getFile/newmembers/photos/P2654.jpg?source=rajyasabha,"Gupta, Shri Rajinder",BJP,Punjab
62,https://sansad.in/getFile/newmembers/photos/P2603.jpg?source=rajyasabha,"Gurjar, Shri Banshilal",BJP,Madhya Pradesh
63,https://sansad.in/getFile/newmembers/photos/P2678.jpg?source=rajyasabha,"Guruswamy, Dr. Menaka",AITC,West Bengal
64,https://sansad.in/getFile/newmembers/photos/P2649.jpg?source=rajyasabha,"Haasan, Shri Kamal",MNM,Tamil Nadu
65,https://sansad.in/getFile/newmembers/photos/P2609.jpg?source=rajyasabha,"Handore, Shri Chandrakant Damodar",INC,Maharashtra
66,https://sansad.in/getFile/newmembers/photos/P2198.jpg?source=rajyasabha,"Haque, Shri Mohammed Nadimul",AITC,West Bengal
67,https://sansad.in/getFile/newmembers/photos/P2567.jpg?source=rajyasabha,"Heggade, Dr. Dharmasthala Veerendra",NOM.,Nominated
68,https://sansad.in/getFile/newmembers/photos/P2386.jpg?source=rajyasabha,"Hussain, Dr. Syed Naseer",INC,Karnataka
69,https://sansad.in/getFile/newmembers/photos/P2566.jpg?source=rajyasabha,"Ilaiyaraaja, Shri",NOM.,Nominated
70,https://sansad.in/getFile/newmembers/photos/P2652.jpg?source=rajyasabha,"Inbadurai, Shri I.S.",AIADMK,Tamil Nadu
71,https://sansad.in/getFile/newmembers/photos/P2578.jpg?source=rajyasabha,"Islam, Shri Samirul",AITC,West Bengal
72,https://sansad.in/getFile/newmembers/photos/P2660.jpg?source=rajyasabha,"Ivnate, Smt. Maya Chintaman",BJP,Maharashtra
73,https://sansad.in/getFile/newmembers/photos/P2538.jpg?source=rajyasabha,"Jaggesh, Shri",BJP,Karnataka
74,https://sansad.in/getFile/newmembers/photos/P2648.jpg?source=rajyasabha,"Jain, Dr. Meenakshi",NOM.,Nominated
75,https://sansad.in/getFile/newmembers/photos/P2613.jpg?source=rajyasabha,"Jain, Shri Naveen",BJP,Uttar Pradesh
76,https://sansad.in/getFile/newmembers/photos/P2426.jpg?source=rajyasabha,"Jaishankar, Shri S.",BJP,Gujarat
77,https://sansad.in/getFile/newmembers/photos/P2379.jpg?source=rajyasabha,"Jha, Prof. Manoj Kumar",RJD,Bihar
78,https://sansad.in/getFile/newmembers/photos/P2591.jpg?source=rajyasabha,"Jha, Shri Sanjay Kumar",JD(U),Bihar
79,https://sansad.in/getFile/newmembers/photos/P2579.jpg?source=rajyasabha,"Jhala, Shri Kesridevsinh",BJP,Gujarat
80,https://sansad.in/getFile/newmembers/photos/P2481.jpg?source=rajyasabha,"Kadadi, Shri Iranna",BJP,Karnataka
81,https://sansad.in/getFile/newmembers/photos/P2534.jpg?source=rajyasabha,"Kalyanasundaram, Shri S.",DMK,Tamil Nadu
82,https://sansad.in/getFile/newmembers/photos/P2295.jpg?source=rajyasabha,"Khan, Shri Javed Ali",SP,Uttar Pradesh
83,https://sansad.in/getFile/newmembers/photos/P2482.jpg?source=rajyasabha,"Kharge, Shri Mallikarjun",INC,Karnataka
84,https://sansad.in/getFile/newmembers/photos/P2476.jpg?source=rajyasabha,"Kharlukhi, Dr. Wanweiroy",NPP,Meghalaya
85,https://sansad.in/getFile/newmembers/photos/P2623.jpg?source=rajyasabha,"Khuntia, Shri Subhasish",BJD,Odisha
86,https://sansad.in/getFile/newmembers/photos/P2656.jpg?source=rajyasabha,"Kichloo, Shri Sajjad Ahmad",J&KNC,Jammu & Kashmir
87,https://sansad.in/getFile/newmembers/photos/P2516.jpg?source=rajyasabha,"Konyak, Smt. S. Phangnon",BJP,Nagaland
88,https://sansad.in/getFile/newmembers/photos/P2494.jpg?source=rajyasabha,"Koragappa, Shri Narayana",BJP,Karnataka
89,https://sansad.in/getFile/newmembers/photos/P2528.jpg?source=rajyasabha,"Krishnaiah, Shri Ryaga",BJP,Andhra Pradesh
90,https://sansad.in/getFile/newmembers/photos/P2605.jpg?source=rajyasabha,"Kulkarni, Dr. Medha Vishram",BJP,Maharashtra
91,https://sansad.in/getFile/newmembers/photos/P2512.jpg?source=rajyasabha,"Kumar, Dr. Sikander",BJP,Himachal Pradesh
92,https://sansad.in/getFile/newmembers/photos/P2555.jpg?source=rajyasabha,"Kumar, Shri Mithlesh",BJP,Uttar Pradesh
93,https://sansad.in/getFile/newmembers/photos/P2685.jpg?source=rajyasabha,"Kumar, Shri Nitish",JD(U),Bihar
94,https://sansad.in/getFile/newmembers/photos/P2679.jpg?source=rajyasabha,"Kumar, Shri Rajeev",AITC,West Bengal
95,https://sansad.in/getFile/newmembers/photos/P2684.jpg?source=rajyasabha,"Kumar, Shri Shivesh",BJP,Bihar
96,https://sansad.in/getFile/newmembers/photos/P2447.jpg?source=rajyasabha,"Kumar, Shri Sujeet",BJP,Odisha
97,https://sansad.in/getFile/newmembers/photos/P2636.jpg?source=rajyasabha,"Kurian, Shri George",BJP,Madhya Pradesh
98,https://sansad.in/getFile/newmembers/photos/P2168.jpg?source=rajyasabha,"Kushwaha, Shri Upendra",RLM,Bihar
99,https://sansad.in/getFile/newmembers/photos/P2557.jpg?source=rajyasabha,"Laxman, Dr. K.",BJP,Uttar Pradesh
100,https://sansad.in/getFile/newmembers/photos/P2475.jpg?source=rajyasabha,"Leishemba, Shri Maharaja Sanajaoba",BJP,Manipur
101,https://sansad.in/getFile/newmembers/photos/P2584.jpg?source=rajyasabha,"Lepcha, Shri Dorjee Tshering",BJP,Sikkim
102,https://sansad.in/getFile/newmembers/photos/P2544.jpg?source=rajyasabha,"Mahadik, Shri Dhananjay Bhimrao",BJP,Maharashtra
103,https://sansad.in/getFile/newmembers/photos/P2598.jpg?source=rajyasabha,"Mahajan, Shri Harsh",BJP,Himachal Pradesh
104,https://sansad.in/getFile/newmembers/photos/P2561.jpg?source=rajyasabha,"Mahto, Shri Khiru",JD(U),Bihar
105,https://sansad.in/getFile/newmembers/photos/P2565.jpg?source=rajyasabha,"Maji, Smt. Mahua",JMM,Jharkhand
106,https://sansad.in/getFile/newmembers/photos/P2599.jpg?source=rajyasabha,"Makan, Shri Ajay",INC,Karnataka
107,https://sansad.in/getFile/newmembers/photos/P2582.jpg?source=rajyasabha,"Maliwal, Ms. Swati",BJP,National Capital Territory of Delhi
108,https://sansad.in/getFile/newmembers/photos/P2680.jpg?source=rajyasabha,"Mallik, Smt. Rukmini",AITC,West Bengal
109,https://sansad.in/getFile/newmembers/photos/P2610.jpg?source=rajyasabha,"Mandadi, Shri Anil Kumar Yadav",INC,Telangana
110,https://sansad.in/getFile/newmembers/photos/P2540.jpg?source=rajyasabha,"Mangaraj, Shri Manas Ranjan",BJD,Odisha
111,https://sansad.in/getFile/newmembers/photos/P2416.jpg?source=rajyasabha,"Mani, Shri Jose K.",KC(M),Kerala
112,https://sansad.in/getFile/newmembers/photos/P2659.jpg?source=rajyasabha,"Manickam, Shri Christopher",INC,Tamil Nadu
113,https://sansad.in/getFile/newmembers/photos/P2510.jpg?source=rajyasabha,"Margherita, Shri Pabitra",BJP,Assam
114,https://sansad.in/getFile/newmembers/photos/P2646.jpg?source=rajyasabha,"Master, Shri C. Sadanandan",BJP,Nominated
115,https://sansad.in/getFile/newmembers/photos/P2513.jpg?source=rajyasabha,"Mather Hisham, Smt. Jebi",INC,Kerala
116,https://sansad.in/getFile/newmembers/photos/P2611.jpg?source=rajyasabha,"Maurya, Shri Amar Pal",BJP,Uttar Pradesh
117,https://sansad.in/getFile/newmembers/photos/P2634.jpg?source=rajyasabha,"Mishra, Shri Manan Kumar",BJP,Bihar
118,https://sansad.in/getFile/newmembers/photos/P2673.jpg?source=rajyasabha,"Misra, Dr. Santrupt",BJD,Odisha
119,https://sansad.in/getFile/newmembers/photos/P2518.jpg?source=rajyasabha,"Mittal, Dr. Ashok Kumar",BJP,Punjab
120,https://sansad.in/getFile/newmembers/photos/P2663.jpg?source=rajyasabha,"Mohan, Shri Jogen",BJP,Assam
121,https://sansad.in/getFile/newmembers/photos/P2585.jpg?source=rajyasabha,"Murty, Smt. Sudha",NOM.,Nominated
122,https://sansad.in/getFile/newmembers/photos/P2504.jpg?source=rajyasabha,"Murugan, Dr. L.",BJP,Madhya Pradesh
123,https://sansad.in/getFile/newmembers/photos/P2683.jpg?source=rajyasabha,"Nabin, Shri Nitin",BJP,Bihar
124,https://sansad.in/getFile/newmembers/photos/P2204.jpg?source=rajyasabha,"Nadda, Shri Jagat Prakash",BJP,Gujarat
125,https://sansad.in/getFile/newmembers/photos/P2353.jpg?source=rajyasabha,"Nagar, Shri Surendra Singh",BJP,Uttar Pradesh
126,https://sansad.in/getFile/newmembers/photos/P2604.jpg?source=rajyasabha,"Naroliya, Smt. Maya",BJP,Madhya Pradesh
127,https://sansad.in/getFile/newmembers/photos/P2511.jpg?source=rajyasabha,"Narzary, Shri Rwngwra",UPP(L),Assam
128,https://sansad.in/getFile/newmembers/photos/P2081.jpg?source=rajyasabha,"Nathwani, Shri Parimal",YSRCP,Andhra Pradesh
129,https://sansad.in/getFile/newmembers/photos/P2596.jpg?source=rajyasabha,"Nayak, Shri Mayankkumar",BJP,Gujarat
130,https://sansad.in/getFile/newmembers/photos/P2460.jpg?source=rajyasabha,"Netam, Smt. Phulo Devi",INC,Chhattisgarh
131,https://sansad.in/getFile/newmembers/photos/P2645.jpg?source=rajyasabha,"Nikam, Shri Ujjwal Deorao",BJP,Nominated
132,https://sansad.in/getFile/newmembers/photos/P2288.jpg?source=rajyasabha,"Nirmala Sitharaman, Smt.",BJP,Karnataka
133,https://sansad.in/getFile/newmembers/photos/P2554.jpg?source=rajyasabha,"Nishad, Shri Baburam",BJP,Uttar Pradesh
134,https://sansad.in/getFile/newmembers/photos/P2181.jpg?source=rajyasabha,"O' Brien, Shri Derek",AITC,West Bengal
135,https://sansad.in/getFile/newmembers/photos/P2658.jpg?source=rajyasabha,"Oberoi, Shri Gurwinder Singh",J&KNC,Jammu & Kashmir
136,https://sansad.in/getFile/newmembers/photos/P2515.jpg?source=rajyasabha,"P, Shri Sandosh Kumar",CPI,Kerala
137,https://sansad.in/getFile/newmembers/photos/P208.jpg?source=rajyasabha,"Patel, Shri Praful",NCP,Maharashtra
138,https://sansad.in/getFile/newmembers/photos/P2563.jpg?source=rajyasabha,"Patel, Shri Shambhu Sharan",BJP,Bihar
139,https://sansad.in/getFile/newmembers/photos/P2521.jpg?source=rajyasabha,"Pathak, Dr. Sandeep Kumar",BJP,Punjab
140,https://sansad.in/getFile/newmembers/photos/P2532.jpg?source=rajyasabha,"Patidar, Dr. Kavita",BJP,Madhya Pradesh
141,https://sansad.in/getFile/newmembers/photos/P2638.jpg?source=rajyasabha,"Patil, Shri Nitin Laxmanrao Jadhav",NCP,Maharashtra
142,https://sansad.in/getFile/newmembers/photos/P2423.jpg?source=rajyasabha,"Patra, Dr. Sasmit",BJD,Odisha
143,https://sansad.in/getFile/newmembers/photos/P2669.jpg?source=rajyasabha,"Pawar, Shri Parth Ajit",NCP,Maharashtra
144,https://sansad.in/getFile/newmembers/photos/P2251.jpg?source=rajyasabha,"Pawar, Shri Sharadchandra",NCP-SCP,Maharashtra
145,https://sansad.in/getFile/newmembers/photos/P2466.jpg?source=rajyasabha,"Pilli, Shri Subhas Chandra Bose",YSRCP,Andhra Pradesh
146,https://sansad.in/getFile/newmembers/photos/P2472.jpg?source=rajyasabha,"Prakash, Shri Deepak",BJP,Jharkhand
147,https://sansad.in/getFile/newmembers/photos/P2564.jpg?source=rajyasabha,"Prasad, Shri Aditya",BJP,Jharkhand
148,https://sansad.in/getFile/newmembers/photos/P2569.jpg?source=rajyasabha,"Prasad, Shri V. Vijayendra",NOM.,Nominated
149,https://sansad.in/getFile/newmembers/photos/P2542.jpg?source=rajyasabha,"Pratapgarhi, Shri Imran",INC,Maharashtra
150,https://sansad.in/getFile/newmembers/photos/P2371.jpg?source=rajyasabha,"Puri, Shri Hardeep Singh",BJP,Uttar Pradesh
151,https://sansad.in/getFile/newmembers/photos/P2644.jpg?source=rajyasabha,"Purkayastha, Shri Kanad",BJP,Assam
152,https://sansad.in/getFile/newmembers/photos/P2514.jpg?source=rajyasabha,"Rahim, Shri A. A.",CPI(M),Kerala
153,https://sansad.in/getFile/newmembers/photos/P2506.jpg?source=rajyasabha,"Rajeshkumar, Shri K.R.N.",DMK,Tamil Nadu
154,https://sansad.in/getFile/newmembers/photos/P1949.jpg?source=rajyasabha,"Ramadoss, Dr. Anbumani",PMK,Tamil Nadu
155,https://sansad.in/getFile/newmembers/photos/P2497.jpg?source=rajyasabha,"Rambhai, Shri Mokariya",BJP,Gujarat
156,https://sansad.in/getFile/newmembers/photos/P1935.jpg?source=rajyasabha,"Ramesh, Shri Jairam",INC,Karnataka
157,https://sansad.in/getFile/newmembers/photos/P2489.jpg?source=rajyasabha,"Ramji, Shri",BSP,Uttar Pradesh
158,https://sansad.in/getFile/newmembers/photos/P2655.jpg?source=rajyasabha,"Ramzan, Shri Chowdry Mohammad",J&KNC,Jammu & Kashmir
159,https://sansad.in/getFile/newmembers/photos/P2531.jpg?source=rajyasabha,"Ranjan, Smt. Ranjeet",INC,Chhattisgarh
160,https://sansad.in/getFile/newmembers/photos/P2625.jpg?source=rajyasabha,"Rathore, Shri Madan",BJP,Rajasthan
161,https://sansad.in/getFile/newmembers/photos/P1945.jpg?source=rajyasabha,"Raut, Shri Sanjay",SS-UBT,Maharashtra
162,https://sansad.in/getFile/newmembers/photos/P2672.jpg?source=rajyasabha,"Ravindran, Shri Constandine",DMK,Tamil Nadu
163,https://sansad.in/getFile/newmembers/photos/P236.jpg?source=rajyasabha,"Ray, Shri Dilip Kumar",IND.,Odisha
164,https://sansad.in/getFile/newmembers/photos/P2580.jpg?source=rajyasabha,"Ray, Shri Nagendra",BJP,West Bengal
165,https://sansad.in/getFile/newmembers/photos/P2184.jpg?source=rajyasabha,"Ray, Shri Sukhendu Sekhar",AITC,West Bengal
166,https://sansad.in/getFile/newmembers/photos/P238.jpg?source=rajyasabha,"Rebia, Shri Nabam",BJP,Arunachal Pradesh
167,https://sansad.in/getFile/newmembers/photos/P2530.jpg?source=rajyasabha,"Reddy, Shri B. Parthasaradhi",BRS,Telangana
168,https://sansad.in/getFile/newmembers/photos/P2587.jpg?source=rajyasabha,"Reddy, Shri Meda Raghunadha",YSRCP,Andhra Pradesh
169,https://sansad.in/getFile/newmembers/photos/P2526.jpg?source=rajyasabha,"Reddy, Shri S Niranjan",YSRCP,Andhra Pradesh
170,https://sansad.in/getFile/newmembers/photos/P2682.jpg?source=rajyasabha,"Reddy, Shri Vem Narendar",INC,Telangana
171,https://sansad.in/getFile/newmembers/photos/P2588.jpg?source=rajyasabha,"Reddy, Shri Yerram Venkata Subba",YSRCP,Andhra Pradesh
172,https://sansad.in/getFile/newmembers/photos/P2546.jpg?source=rajyasabha,"Sahney, Dr. Vikramjit Singh",BJP,Punjab
173,https://sansad.in/getFile/newmembers/photos/P2560.jpg?source=rajyasabha,"Saini, Dr. Kalpana",BJP,Uttarakhand
174,https://sansad.in/getFile/newmembers/photos/P2595.jpg?source=rajyasabha,"Salamsinh, Dr. Parmar Jashvantsinh",BJP,Gujarat
175,https://sansad.in/getFile/newmembers/photos/P2674.jpg?source=rajyasabha,"Samal, Shri Manmohan",BJP,Odisha
176,https://sansad.in/getFile/newmembers/photos/P2622.jpg?source=rajyasabha,"Samantaray, Shri Debashish",BJD,Odisha
177,https://sansad.in/getFile/newmembers/photos/P2583.jpg?source=rajyasabha,"Sandhu, Shri Satnam Singh",BJP,Nominated
178,https://sansad.in/getFile/newmembers/photos/P2643.jpg?source=rajyasabha,"Satyanarayana, Shri Paka Venkata",BJP,Andhra Pradesh
179,https://sansad.in/getFile/newmembers/photos/P2508.jpg?source=rajyasabha,"Selvaganabathy, Shri S.",BJP,Puducherry
180,https://sansad.in/getFile/newmembers/photos/P2307.jpg?source=rajyasabha,"Sen, Ms. Dola",AITC,West Bengal
181,https://sansad.in/getFile/newmembers/photos/P2351.jpg?source=rajyasabha,"Seth, Shri Sanjay",BJP,Uttar Pradesh
182,https://sansad.in/getFile/newmembers/photos/P2581.jpg?source=rajyasabha,"Sharma, Dr. Dinesh",BJP,Uttar Pradesh
183,https://sansad.in/getFile/newmembers/photos/P2668.jpg?source=rajyasabha,"Sharma, Shri Anurag",INC,Himachal Pradesh
184,https://sansad.in/getFile/newmembers/photos/P2571.jpg?source=rajyasabha,"Sharma, Shri Kartikeya",IND.,Haryana
185,https://sansad.in/getFile/newmembers/photos/P2657.jpg?source=rajyasabha,"Sharma, Shri Sat Paul",BJP,Jammu & Kashmir
186,https://sansad.in/getFile/newmembers/photos/P2642.jpg?source=rajyasabha,"Sharma, Smt. Rekha",BJP,Haryana
187,https://sansad.in/getFile/newmembers/photos/P2297.jpg?source=rajyasabha,"Shekhar, Shri Neeraj",BJP,Uttar Pradesh
188,https://sansad.in/getFile/newmembers/photos/P2269.jpg?source=rajyasabha,Shri Harivansh,NOM.,Nominated
189,https://sansad.in/getFile/newmembers/photos/P2647.jpg?source=rajyasabha,"Shringla, Shri Harsh Vardhan",BJP,Nominated
190,https://sansad.in/getFile/newmembers/photos/P175.jpg?source=rajyasabha,"Shukla, Shri Rajeev",INC,Chhattisgarh
191,https://sansad.in/getFile/newmembers/photos/P74.jpg?source=rajyasabha,"Sibal, Shri Kapil",IND.,Uttar Pradesh
192,https://sansad.in/getFile/newmembers/photos/P2666.jpg?source=rajyasabha,"Singh Boudh, Shri Karamvir",INC,Haryana
193,https://sansad.in/getFile/newmembers/photos/P2590.jpg?source=rajyasabha,"Singh, Dr. Bhim",BJP,Bihar
194,https://sansad.in/getFile/newmembers/photos/P2377.jpg?source=rajyasabha,"Singh, Shri Akhilesh Prasad",INC,Bihar
195,https://sansad.in/getFile/newmembers/photos/P2437.jpg?source=rajyasabha,"Singh, Shri Arun",BJP,Uttar Pradesh
196,https://sansad.in/getFile/newmembers/photos/P2601.jpg?source=rajyasabha,"Singh, Shri Ashok",INC,Madhya Pradesh
197,https://sansad.in/getFile/newmembers/photos/P2593.jpg?source=rajyasabha,"Singh, Shri Devendra Pratap",BJP,Chhattisgarh
198,https://sansad.in/getFile/newmembers/photos/P2279.jpg?source=rajyasabha,"Singh, Shri Digvijaya",INC,Madhya Pradesh
199,https://sansad.in/getFile/newmembers/photos/P2520.jpg?source=rajyasabha,"Singh, Shri Harbhajan",BJP,Punjab
200,https://sansad.in/getFile/newmembers/photos/P2614.jpg?source=rajyasabha,"Singh, Shri Ratanjit Pratap Narain",BJP,Uttar Pradesh
201,https://sansad.in/getFile/newmembers/photos/P2639.jpg?source=rajyasabha,"Singh, Shri Ravneet",BJP,Rajasthan
202,https://sansad.in/getFile/newmembers/photos/P2372.jpg?source=rajyasabha,"Singh, Shri Sanjay",AAP,National Capital Territory of Delhi
203,https://sansad.in/getFile/newmembers/photos/P2545.jpg?source=rajyasabha,"Singh, Shri Sant Balbir",AAP,Punjab
204,https://sansad.in/getFile/newmembers/photos/P2612.jpg?source=rajyasabha,"Singh, Shri Tejveer",BJP,Uttar Pradesh
205,https://sansad.in/getFile/newmembers/photos/P2553.jpg?source=rajyasabha,"Singh, Smt. Darshana",BJP,Uttar Pradesh
206,https://sansad.in/getFile/newmembers/photos/P2616.jpg?source=rajyasabha,"Singh, Smt. Sadhna",BJP,Uttar Pradesh
207,https://sansad.in/getFile/newmembers/photos/P2029.jpg?source=rajyasabha,"Singhvi, Dr. Abhishek Manu",INC,Telangana
208,https://sansad.in/getFile/newmembers/photos/P2681.jpg?source=rajyasabha,"Sinha (Rahul Sinha), Shri Biswajit",BJP,West Bengal
209,https://sansad.in/getFile/newmembers/photos/P2539.jpg?source=rajyasabha,"Siroya, Shri Lahar Singh",BJP,Karnataka
210,https://sansad.in/getFile/newmembers/photos/P177.jpg?source=rajyasabha,"Siva, Shri Tiruchi",DMK,Tamil Nadu
211,https://sansad.in/getFile/newmembers/photos/P2499.jpg?source=rajyasabha,"Sivadasan, Dr. V.",CPI(M),Kerala
212,https://sansad.in/getFile/newmembers/photos/P2651.jpg?source=rajyasabha,"Sivalingam, Shri S.R.",DMK,Tamil Nadu
213,https://sansad.in/getFile/newmembers/photos/P2650.jpg?source=rajyasabha,Smt. Rajathi,DMK,Tamil Nadu
214,https://sansad.in/getFile/newmembers/photos/P2474.jpg?source=rajyasabha,"Solanki, Dr. Sumer Singh",BJP,Madhya Pradesh
215,https://sansad.in/getFile/newmembers/photos/P2676.jpg?source=rajyasabha,"Sudhish, Shri L. K.",DMDK,Tamil Nadu
216,https://sansad.in/getFile/newmembers/photos/P2615.jpg?source=rajyasabha,"Suman, Shri Ramji Lal",SP,Uttar Pradesh
217,https://sansad.in/getFile/newmembers/photos/P2630.jpg?source=rajyasabha,"Suneer, Shri P. P.",CPI,Kerala
218,https://sansad.in/getFile/newmembers/photos/P2548.jpg?source=rajyasabha,"Surjewala, Shri Randeep Singh",INC,Rajasthan
219,https://sansad.in/getFile/newmembers/photos/P2575.jpg?source=rajyasabha,"Tanavade, Shri Sadanand Mhalu Shet",BJP,Goa
220,https://sansad.in/getFile/newmembers/photos/P2333.jpg?source=rajyasabha,"Tankha, Shri Vivek K.",INC,Madhya Pradesh
221,https://sansad.in/getFile/newmembers/photos/P2662.jpg?source=rajyasabha,"Tawde, Shri Vinod Shridhar",BJP,Maharashtra
222,https://sansad.in/getFile/newmembers/photos/P2268.jpg?source=rajyasabha,"Thakur, Shri Ram Nath",JD(U),Bihar
223,https://sansad.in/getFile/newmembers/photos/P2619.jpg?source=rajyasabha,"Thakur, Smt. Mamata",AITC,West Bengal
224,https://sansad.in/getFile/newmembers/photos/P2451.jpg?source=rajyasabha,"Thambi Durai, Shri M.",AIADMK,Tamil Nadu
225,https://sansad.in/getFile/newmembers/photos/P2547.jpg?source=rajyasabha,"Tiwari, Shri Ghanshyam",BJP,Rajasthan
226,https://sansad.in/getFile/newmembers/photos/P2245.jpg?source=rajyasabha,"Tiwari, Shri Pramod",INC,Rajasthan
227,https://sansad.in/getFile/newmembers/photos/P2436.jpg?source=rajyasabha,"Trivedi, Dr. Sudhanshu",BJP,Uttar Pradesh
228,https://sansad.in/getFile/newmembers/photos/P2602.jpg?source=rajyasabha,"Umeshnath, Shri Balyogi",BJP,Madhya Pradesh
229,https://sansad.in/getFile/newmembers/photos/P2568.jpg?source=rajyasabha,"Usha, Smt. P. T.",NOM.,Nominated
230,https://sansad.in/getFile/newmembers/photos/P2524.jpg?source=rajyasabha,"Vaddiraju, Shri Ravi Chandra",BRS,Telangana
231,https://sansad.in/getFile/newmembers/photos/P2425.jpg?source=rajyasabha,"Vaishnaw, Shri Ashwini",BJP,Odisha
232,https://sansad.in/getFile/newmembers/photos/P2483.jpg?source=rajyasabha,"Vanlalvena, Shri K.",MNF,Mizoram
233,https://sansad.in/getFile/newmembers/photos/P2627.jpg?source=rajyasabha,"Varma, Shri Pradip Kumar",BJP,Jharkhand
234,https://sansad.in/getFile/newmembers/photos/P2491.jpg?source=rajyasabha,"Verma, Shri B.L.",BJP,Uttar Pradesh
235,https://sansad.in/getFile/newmembers/photos/P2665.jpg?source=rajyasabha,"Verma, Smt. Laxmi",BJP,Chhattisgarh
236,https://sansad.in/getFile/newmembers/photos/P2670.jpg?source=rajyasabha,"Wadkute, Shri Ramrao Sakharam",BJP,Maharashtra
237,https://sansad.in/getFile/newmembers/photos/P2671.jpg?source=rajyasabha,"Waghmare, Dr. Jyoti Nagnath",SS,Maharashtra
238,https://sansad.in/getFile/newmembers/photos/P2549.jpg?source=rajyasabha,"Wasnik, Shri Mukul Balkrishna",INC,Rajasthan
239,https://sansad.in/getFile/newmembers/photos/P2431.jpg?source=rajyasabha,"Wilson, Shri P.",DMK,Tamil Nadu
240,https://sansad.in/getFile/newmembers/photos/P109.jpg?source=rajyasabha,"Yadav, Prof. Ram Gopal",SP,Uttar Pradesh
241,https://sansad.in/getFile/newmembers/photos/P2592.jpg?source=rajyasabha,"Yadav, Shri Sanjay",RJD,Bihar
242,https://sansad.in/getFile/newmembers/photos/P2559.jpg?source=rajyasabha,"Yadav, Smt. Sangeeta",BJP,Uttar Pradesh